site,x,y,date,year,month,rainfall,tasmin,tasmax
Raindrop_Wytham,446500,208500,01/01/2024,2024,1,12.546875,5.73046875,11.35351563
Raindrop_Wytham,446500,208500,02/01/2024,2024,1,9.185546875,5.921875,12.75195313
Raindrop_Wytham,446500,208500,03/01/2024,2024,1,2.33203125,8.022460938,10.14746094
Raindrop_Wytham,446500,208500,04/01/2024,2024,1,27.98828125,4.231445313,6.612304688
Raindrop_Wytham,446500,208500,05/01/2024,2024,1,0.048828125,3.977539063,7.077148438
Raindrop_Wytham,446500,208500,06/01/2024,2024,1,0.009765625,3.850585938,6.442382813
Raindrop_Wytham,446500,208500,07/01/2024,2024,1,9.77E-04,2.022460938,3.790039063
Raindrop_Wytham,446500,208500,08/01/2024,2024,1,0.056640625,0.7265625,2.71875
Raindrop_Wytham,446500,208500,09/01/2024,2024,1,0,0.381835938,2.8046875
Raindrop_Wytham,446500,208500,10/01/2024,2024,1,9.77E-04,-0.3046875,4.173828125
Raindrop_Wytham,446500,208500,11/01/2024,2024,1,0.00390625,-0.274414063,4.8515625
Raindrop_Wytham,446500,208500,12/01/2024,2024,1,0,1.395507813,5.143554688
Raindrop_Wytham,446500,208500,13/01/2024,2024,1,0,0.200195313,4.116210938
Raindrop_Wytham,446500,208500,14/01/2024,2024,1,0.118164063,0.845703125,6.213867188
Raindrop_Wytham,446500,208500,15/01/2024,2024,1,0,-1.772460938,2.408203125
Raindrop_Wytham,446500,208500,16/01/2024,2024,1,0,-3.907226563,4.637695313
Raindrop_Wytham,446500,208500,17/01/2024,2024,1,0,-2.650390625,1.112304688
Raindrop_Wytham,446500,208500,18/01/2024,2024,1,0.004882813,-6.006835938,2.45703125
Raindrop_Wytham,446500,208500,19/01/2024,2024,1,9.77E-04,-4.64453125,5.157226563
Raindrop_Wytham,446500,208500,20/01/2024,2024,1,5.366210938,-2.486328125,8.86328125
Raindrop_Wytham,446500,208500,21/01/2024,2024,1,14.18652344,3.05078125,12.15039063
Raindrop_Wytham,446500,208500,22/01/2024,2024,1,0.341796875,7.235351563,9.666992188
Raindrop_Wytham,446500,208500,23/01/2024,2024,1,2.30078125,3.880859375,12.89550781
Raindrop_Wytham,446500,208500,24/01/2024,2024,1,0.24609375,7.411132813,10.91601563
Raindrop_Wytham,446500,208500,25/01/2024,2024,1,3.259765625,4.7109375,12.45214844
Raindrop_Wytham,446500,208500,26/01/2024,2024,1,0.053710938,5.44140625,9
Raindrop_Wytham,446500,208500,27/01/2024,2024,1,0.004882813,1.04296875,8.1015625
Raindrop_Wytham,446500,208500,28/01/2024,2024,1,9.77E-04,2.05859375,11.7109375
Raindrop_Wytham,446500,208500,29/01/2024,2024,1,0.01171875,4.768554688,11.94238281
Raindrop_Wytham,446500,208500,30/01/2024,2024,1,9.77E-04,6.865234375,7.543945313
Raindrop_Wytham,446500,208500,31/01/2024,2024,1,0.74609375,4,10.86621094
Raindrop_Wytham,446500,208500,01/02/2024,2024,2,0.00390625,1.427734375,10.66601563
Raindrop_Wytham,446500,208500,02/02/2024,2024,2,0,2.522460938,11.32226563
Raindrop_Wytham,446500,208500,03/02/2024,2024,2,0.005859375,9.359375,12.46386719
Raindrop_Wytham,446500,208500,04/02/2024,2024,2,0,9.640625,12.01367188
Raindrop_Wytham,446500,208500,05/02/2024,2024,2,0.11328125,8.6875,11.21289063
Raindrop_Wytham,446500,208500,06/02/2024,2024,2,21.59082031,9.139648438,12.47753906
Raindrop_Wytham,446500,208500,07/02/2024,2024,2,12.09179688,3.548828125,5.578125
Raindrop_Wytham,446500,208500,08/02/2024,2024,2,29.73535156,3.887695313,10.95117188
Raindrop_Wytham,446500,208500,09/02/2024,2024,2,1.637695313,4.721679688,12.23730469
Raindrop_Wytham,446500,208500,10/02/2024,2024,2,0.342773438,4.59375,10.58691406
Raindrop_Wytham,446500,208500,11/02/2024,2024,2,0.068359375,5.948242188,10.48535156
Raindrop_Wytham,446500,208500,12/02/2024,2024,2,0.061523438,2.69140625,8.90234375
Raindrop_Wytham,446500,208500,13/02/2024,2024,2,4.9375,3.54296875,11.70703125
Raindrop_Wytham,446500,208500,14/02/2024,2024,2,0.46875,5.88671875,14.08984375
Raindrop_Wytham,446500,208500,15/02/2024,2024,2,7.836914063,11.57226563,16.29394531
Raindrop_Wytham,446500,208500,16/02/2024,2024,2,0.005859375,7.9296875,12.74609375
Raindrop_Wytham,446500,208500,17/02/2024,2024,2,29.85839844,8.331054688,13.14160156
Raindrop_Wytham,446500,208500,18/02/2024,2024,2,0.29296875,8.568359375,14.10253906
Raindrop_Wytham,446500,208500,19/02/2024,2024,2,0.002929688,6.561523438,12.15136719
Raindrop_Wytham,446500,208500,20/02/2024,2024,2,5.31640625,5.841796875,12.73925781
Raindrop_Wytham,446500,208500,21/02/2024,2024,2,3.4609375,8.083984375,11.59082031
Raindrop_Wytham,446500,208500,22/02/2024,2024,2,15.70117188,7.012695313,7.989257813
Raindrop_Wytham,446500,208500,23/02/2024,2024,2,0.618164063,2.40625,7.970703125
Raindrop_Wytham,446500,208500,24/02/2024,2024,2,0.147460938,-1.59765625,7.759765625
Raindrop_Wytham,446500,208500,25/02/2024,2024,2,0.052734375,-1.512695313,7.518554688
Raindrop_Wytham,446500,208500,26/02/2024,2024,2,0.2734375,1.822265625,8.288085938
Raindrop_Wytham,446500,208500,27/02/2024,2024,2,0.012695313,0.041992188,8.141601563
Raindrop_Wytham,446500,208500,28/02/2024,2024,2,4.723632813,1.743164063,10.63085938
Raindrop_Wytham,446500,208500,29/02/2024,2024,2,8.05078125,7.1875,8.977539063
Raindrop_Wytham,446500,208500,01/03/2024,2024,3,7.20703125,2.069335938,7.477539063
Raindrop_Wytham,446500,208500,02/03/2024,2024,3,0.178710938,2.376953125,6.2578125
Raindrop_Wytham,446500,208500,03/03/2024,2024,3,0.11328125,-1.87109375,8.763671875
Raindrop_Wytham,446500,208500,04/03/2024,2024,3,0.19140625,-3.581054688,10.265625
Raindrop_Wytham,446500,208500,05/03/2024,2024,3,0.009765625,3.938476563,10.92480469
Raindrop_Wytham,446500,208500,06/03/2024,2024,3,0.051757813,1.249023438,10.98730469
Raindrop_Wytham,446500,208500,07/03/2024,2024,3,0,2.54296875,9.302734375
Raindrop_Wytham,446500,208500,08/03/2024,2024,3,0.006835938,3.526367188,9.962890625
Raindrop_Wytham,446500,208500,09/03/2024,2024,3,4.328125,5.099609375,12.74902344
Raindrop_Wytham,446500,208500,10/03/2024,2024,3,8.255859375,7.28125,9.48046875
Raindrop_Wytham,446500,208500,11/03/2024,2024,3,8.079101563,6.525390625,9.151367188
Raindrop_Wytham,446500,208500,12/03/2024,2024,3,5.465820313,5.869140625,13.27832031
Raindrop_Wytham,446500,208500,13/03/2024,2024,3,0,9.319335938,12.92773438
Raindrop_Wytham,446500,208500,14/03/2024,2024,3,2.012695313,9.587890625,14.75
Raindrop_Wytham,446500,208500,15/03/2024,2024,3,0.5078125,10.11230469,14.78027344
Raindrop_Wytham,446500,208500,16/03/2024,2024,3,10.5078125,3.275390625,10.99023438
Raindrop_Wytham,446500,208500,17/03/2024,2024,3,1.09765625,8.2109375,15.70507813
Raindrop_Wytham,446500,208500,18/03/2024,2024,3,0.01171875,5.28515625,14.92480469
Raindrop_Wytham,446500,208500,19/03/2024,2024,3,1.864257813,9.538085938,14.52539063
Raindrop_Wytham,446500,208500,20/03/2024,2024,3,0.055664063,10.3203125,15.39746094
Raindrop_Wytham,446500,208500,21/03/2024,2024,3,0.182617188,7.915039063,15.62988281
Raindrop_Wytham,446500,208500,22/03/2024,2024,3,9.77E-04,8.478515625,12.04882813
Raindrop_Wytham,446500,208500,23/03/2024,2024,3,0.137695313,2.904296875,9.366210938
Raindrop_Wytham,446500,208500,24/03/2024,2024,3,1.575195313,4.869140625,12.43164063
Raindrop_Wytham,446500,208500,25/03/2024,2024,3,5.208007813,4.135742188,10.9609375
Raindrop_Wytham,446500,208500,26/03/2024,2024,3,11.55566406,6.387695313,14.33789063
Raindrop_Wytham,446500,208500,27/03/2024,2024,3,12.94433594,4.204101563,9.379882813
Raindrop_Wytham,446500,208500,28/03/2024,2024,3,12.78027344,2.267578125,9.87109375
Raindrop_Wytham,446500,208500,29/03/2024,2024,3,1.353515625,4.97265625,12.97558594
Raindrop_Wytham,446500,208500,30/03/2024,2024,3,0.049804688,2.788085938,14.14453125
Raindrop_Wytham,446500,208500,31/03/2024,2024,3,4.5546875,3.748046875,10.92382813
Raindrop_Wytham,446500,208500,01/04/2024,2024,4,1.318359375,6.2109375,14.15625
Raindrop_Wytham,446500,208500,02/04/2024,2024,4,5.506835938,6.454101563,13.62988281
Raindrop_Wytham,446500,208500,03/04/2024,2024,4,5.9921875,8.491210938,12.52539063
Raindrop_Wytham,446500,208500,04/04/2024,2024,4,4.657226563,8.08203125,14.92382813
Raindrop_Wytham,446500,208500,05/04/2024,2024,4,0.061523438,10.03515625,16.87988281
Raindrop_Wytham,446500,208500,06/04/2024,2024,4,2.877929688,12,17.04492188
Raindrop_Wytham,446500,208500,07/04/2024,2024,4,0.001953125,8.75,14.89941406
Raindrop_Wytham,446500,208500,08/04/2024,2024,4,2.44140625,9.365234375,15.75292969
Raindrop_Wytham,446500,208500,09/04/2024,2024,4,0.471679688,6.413085938,11.71191406
Raindrop_Wytham,446500,208500,10/04/2024,2024,4,2.274414063,4.517578125,13.65136719
Raindrop_Wytham,446500,208500,11/04/2024,2024,4,0,9.87109375,18.25585938
Raindrop_Wytham,446500,208500,12/04/2024,2024,4,0,8.178710938,19.25
Raindrop_Wytham,446500,208500,13/04/2024,2024,4,0,9.623046875,17.72851563
Raindrop_Wytham,446500,208500,14/04/2024,2024,4,4.01171875,6.866210938,12.97167969
Raindrop_Wytham,446500,208500,15/04/2024,2024,4,0.984375,5.94140625,11.296875
Raindrop_Wytham,446500,208500,16/04/2024,2024,4,3.315429688,5.786132813,13.25683594
Raindrop_Wytham,446500,208500,17/04/2024,2024,4,0.022460938,3.14453125,11.85644531
Raindrop_Wytham,446500,208500,18/04/2024,2024,4,0.080078125,1.903320313,12.43457031
Raindrop_Wytham,446500,208500,19/04/2024,2024,4,0.202148438,7.561523438,15.11230469
Raindrop_Wytham,446500,208500,20/04/2024,2024,4,0.010742188,0.646484375,11.6875
Raindrop_Wytham,446500,208500,21/04/2024,2024,4,0.52734375,2.984375,10.984375
Raindrop_Wytham,446500,208500,22/04/2024,2024,4,3.607421875,2.53515625,8.278320313
Raindrop_Wytham,446500,208500,23/04/2024,2024,4,0.081054688,5.107421875,10.98925781
Raindrop_Wytham,446500,208500,24/04/2024,2024,4,0.008789063,3.895507813,8.935546875
Raindrop_Wytham,446500,208500,25/04/2024,2024,4,0.088867188,2.20703125,11.046875
Raindrop_Wytham,446500,208500,26/04/2024,2024,4,2.927734375,2.41796875,11.77636719
Raindrop_Wytham,446500,208500,27/04/2024,2024,4,25.6875,4.47265625,8.74609375
Raindrop_Wytham,446500,208500,28/04/2024,2024,4,1.043945313,4.244140625,11.45996094
Raindrop_Wytham,446500,208500,29/04/2024,2024,4,0.0078125,3.71875,14.375
Raindrop_Wytham,446500,208500,30/04/2024,2024,4,0.033203125,7.448242188,17.61425781
Raindrop_Wytham,446500,208500,01/05/2024,2024,5,4.870117188,8.391601563,17.07617188
Raindrop_Wytham,446500,208500,02/05/2024,2024,5,3.604492188,9.678710938,14.24804688
Raindrop_Wytham,446500,208500,03/05/2024,2024,5,5.586914063,8.576171875,11.64746094
Raindrop_Wytham,446500,208500,04/05/2024,2024,5,0.0234375,5.357421875,17.35253906
Raindrop_Wytham,446500,208500,05/05/2024,2024,5,2.560546875,5.451171875,16.64648438
Raindrop_Wytham,446500,208500,06/05/2024,2024,5,3.228515625,8.076171875,16.20214844
Raindrop_Wytham,446500,208500,07/05/2024,2024,5,0.0234375,8.178710938,18.90234375
Raindrop_Wytham,446500,208500,08/05/2024,2024,5,0.010742188,8,18.61425781
Raindrop_Wytham,446500,208500,09/05/2024,2024,5,0.001953125,9.31640625,22.62695313
Raindrop_Wytham,446500,208500,10/05/2024,2024,5,0.00390625,9.647460938,23.05566406
Raindrop_Wytham,446500,208500,11/05/2024,2024,5,0,9.708007813,22.48144531
Raindrop_Wytham,446500,208500,12/05/2024,2024,5,0.001953125,10.80664063,25.33105469
Raindrop_Wytham,446500,208500,13/05/2024,2024,5,7.091796875,10.4453125,17.44238281
Raindrop_Wytham,446500,208500,14/05/2024,2024,5,0.025390625,11.53125,17.14648438
Raindrop_Wytham,446500,208500,15/05/2024,2024,5,0.009765625,12.640625,19.57226563
Raindrop_Wytham,446500,208500,16/05/2024,2024,5,0.184570313,7.760742188,17.82714844
Raindrop_Wytham,446500,208500,17/05/2024,2024,5,0.005859375,9.637695313,21.07421875
Raindrop_Wytham,446500,208500,18/05/2024,2024,5,0.002929688,10.65722656,20.0703125
Raindrop_Wytham,446500,208500,19/05/2024,2024,5,0,9.09765625,21.69042969
Raindrop_Wytham,446500,208500,20/05/2024,2024,5,0.071289063,9.071289063,19.60449219
Raindrop_Wytham,446500,208500,21/05/2024,2024,5,22.43066406,8.967773438,14.23632813
Raindrop_Wytham,446500,208500,22/05/2024,2024,5,11.38769531,12.05175781,15.42382813
Raindrop_Wytham,446500,208500,23/05/2024,2024,5,0.008789063,11.53710938,16.27050781
Raindrop_Wytham,446500,208500,24/05/2024,2024,5,0.002929688,8.493164063,16.38378906
Raindrop_Wytham,446500,208500,25/05/2024,2024,5,4.833007813,8.517578125,19.7421875
Raindrop_Wytham,446500,208500,26/05/2024,2024,5,5.23828125,11.09570313,18.68359375
Raindrop_Wytham,446500,208500,27/05/2024,2024,5,1.505859375,8.896484375,16.62207031
Raindrop_Wytham,446500,208500,28/05/2024,2024,5,7.17578125,9.728515625,16.81640625
Raindrop_Wytham,446500,208500,29/05/2024,2024,5,0.3203125,11.66015625,18.40136719
Raindrop_Wytham,446500,208500,30/05/2024,2024,5,2.508789063,10.06933594,17.98339844
Raindrop_Wytham,446500,208500,31/05/2024,2024,5,0.002929688,10.08789063,14.95703125
Raindrop_Wytham,446500,208500,01/06/2024,2024,6,0.001953125,6.231445313,16.63476563
Raindrop_Wytham,446500,208500,02/06/2024,2024,6,0.005859375,5.911132813,22.171875
Raindrop_Wytham,446500,208500,03/06/2024,2024,6,0.001953125,11.02441406,20.09960938
Raindrop_Wytham,446500,208500,04/06/2024,2024,6,1.881835938,11.40722656,16.69433594
Raindrop_Wytham,446500,208500,05/06/2024,2024,6,0.025390625,5.05859375,16.12890625
Raindrop_Wytham,446500,208500,06/06/2024,2024,6,0.008789063,7.962890625,17.57617188
Raindrop_Wytham,446500,208500,07/06/2024,2024,6,0.004882813,5.619140625,17.92382813
Raindrop_Wytham,446500,208500,08/06/2024,2024,6,0.0078125,8.836914063,18.2265625
Raindrop_Wytham,446500,208500,09/06/2024,2024,6,1.75390625,5.690429688,15.81445313
Raindrop_Wytham,446500,208500,10/06/2024,2024,6,0.081054688,8.947265625,16.26660156
Raindrop_Wytham,446500,208500,11/06/2024,2024,6,0.068359375,6.385742188,14.63769531
Raindrop_Wytham,446500,208500,12/06/2024,2024,6,0.006835938,8.142578125,17.07226563
Raindrop_Wytham,446500,208500,13/06/2024,2024,6,1.879882813,6.71875,15.58789063
Raindrop_Wytham,446500,208500,14/06/2024,2024,6,6.99609375,10.45214844,18.58203125
Raindrop_Wytham,446500,208500,15/06/2024,2024,6,1.483398438,8.40234375,19.04101563
Raindrop_Wytham,446500,208500,16/06/2024,2024,6,0.008789063,10.30175781,20.10449219
Raindrop_Wytham,446500,208500,17/06/2024,2024,6,0.00390625,9.579101563,21.76855469
Raindrop_Wytham,446500,208500,18/06/2024,2024,6,0.001953125,11.00878906,19.359375
Raindrop_Wytham,446500,208500,19/06/2024,2024,6,0.001953125,11.22070313,19.91601563
Raindrop_Wytham,446500,208500,20/06/2024,2024,6,0.004882813,8.177734375,22.81054688
Raindrop_Wytham,446500,208500,21/06/2024,2024,6,0.811523438,10.17285156,22.7890625
Raindrop_Wytham,446500,208500,22/06/2024,2024,6,0.010742188,13.37109375,21.12011719
Raindrop_Wytham,446500,208500,23/06/2024,2024,6,0.001953125,10.33203125,23.92480469
Raindrop_Wytham,446500,208500,24/06/2024,2024,6,9.77E-04,13.57519531,24.82714844
Raindrop_Wytham,446500,208500,25/06/2024,2024,6,0.001953125,14.08300781,27.80761719
Raindrop_Wytham,446500,208500,26/06/2024,2024,6,0.001953125,13.72265625,28.13085938
Raindrop_Wytham,446500,208500,27/06/2024,2024,6,0.002929688,14.5703125,21.08496094
Raindrop_Wytham,446500,208500,28/06/2024,2024,6,0.002929688,10.62597656,19.30566406
Raindrop_Wytham,446500,208500,29/06/2024,2024,6,0.009765625,8.497070313,23.1953125
Raindrop_Wytham,446500,208500,30/06/2024,2024,6,0.001953125,12.03125,17.16699219
Raindrop_Wytham,446500,208500,01/07/2024,2024,7,0.295898438,11.640625,18.5234375
Raindrop_Wytham,446500,208500,02/07/2024,2024,7,0.365234375,11.69921875,18.63085938
Raindrop_Wytham,446500,208500,03/07/2024,2024,7,0.40234375,11.01269531,18.62011719
Raindrop_Wytham,446500,208500,04/07/2024,2024,7,3.111328125,9.931640625,19.31542969
Raindrop_Wytham,446500,208500,05/07/2024,2024,7,36.02441406,11.98730469,18.85644531
Raindrop_Wytham,446500,208500,06/07/2024,2024,7,3.734375,9.598632813,16.51757813
Raindrop_Wytham,446500,208500,07/07/2024,2024,7,1.106445313,8.671875,18.59863281
Raindrop_Wytham,446500,208500,08/07/2024,2024,7,13.18261719,7.802734375,18.45507813
Raindrop_Wytham,446500,208500,09/07/2024,2024,7,0.602539063,12.88476563,19.5546875
Raindrop_Wytham,446500,208500,10/07/2024,2024,7,0.028320313,14.93554688,20.48730469
Raindrop_Wytham,446500,208500,11/07/2024,2024,7,0.025390625,10.81738281,20.73339844
Raindrop_Wytham,446500,208500,12/07/2024,2024,7,0.21484375,12.00585938,17.66796875
Raindrop_Wytham,446500,208500,13/07/2024,2024,7,0.056640625,11.64941406,18.69726563
Raindrop_Wytham,446500,208500,14/07/2024,2024,7,0.002929688,9.645507813,21.58496094
Raindrop_Wytham,446500,208500,15/07/2024,2024,7,16.71875,9.290039063,18.56640625
Raindrop_Wytham,446500,208500,16/07/2024,2024,7,0.783203125,12.57617188,20.95019531
Raindrop_Wytham,446500,208500,17/07/2024,2024,7,0.072265625,11.06542969,22.77734375
Raindrop_Wytham,446500,208500,18/07/2024,2024,7,0.025390625,12.67285156,26.57617188
Raindrop_Wytham,446500,208500,19/07/2024,2024,7,0.022460938,14.2734375,29.45605469
Raindrop_Wytham,446500,208500,20/07/2024,2024,7,0.228515625,16.1328125,21.69824219
Raindrop_Wytham,446500,208500,21/07/2024,2024,7,0.4296875,15.35742188,21.65332031
Raindrop_Wytham,446500,208500,22/07/2024,2024,7,0.591796875,12.57226563,23.39453125
Raindrop_Wytham,446500,208500,23/07/2024,2024,7,0.008789063,15.48925781,23.33691406
Raindrop_Wytham,446500,208500,24/07/2024,2024,7,0.381835938,13.30273438,21.54394531
Raindrop_Wytham,446500,208500,25/07/2024,2024,7,2.223632813,14.0078125,20.99121094
Raindrop_Wytham,446500,208500,26/07/2024,2024,7,0,12.15820313,21.77441406
Raindrop_Wytham,446500,208500,27/07/2024,2024,7,9.77E-04,10.80859375,21.52832031
Raindrop_Wytham,446500,208500,28/07/2024,2024,7,0,10.51660156,24.92089844
Raindrop_Wytham,446500,208500,29/07/2024,2024,7,0,10.72460938,27.59863281
Raindrop_Wytham,446500,208500,30/07/2024,2024,7,0,14.29199219,29.04980469
Raindrop_Wytham,446500,208500,31/07/2024,2024,7,2.6484375,16.04199219,29.53320313
Raindrop_Wytham,446500,208500,01/08/2024,2024,8,1.266601563,16.62207031,27.70898438
Raindrop_Wytham,446500,208500,02/08/2024,2024,8,0.262695313,15.82714844,25.00390625
Raindrop_Wytham,446500,208500,03/08/2024,2024,8,0,17.265625,21.91210938
Raindrop_Wytham,446500,208500,04/08/2024,2024,8,0,11.06445313,22.12011719
Raindrop_Wytham,446500,208500,05/08/2024,2024,8,1.3828125,13.07714844,23.31835938
Raindrop_Wytham,446500,208500,06/08/2024,2024,8,0.067382813,15.51074219,21.73925781
Raindrop_Wytham,446500,208500,07/08/2024,2024,8,0.00390625,11.53515625,20.05273438
Raindrop_Wytham,446500,208500,08/08/2024,2024,8,0.842773438,11.90625,19.61230469
Raindrop_Wytham,446500,208500,09/08/2024,2024,8,0,16.23242188,22.65429688
Raindrop_Wytham,446500,208500,10/08/2024,2024,8,0.001953125,13.89746094,24.51074219
Raindrop_Wytham,446500,208500,11/08/2024,2024,8,0.194335938,13.34277344,27.84570313
Raindrop_Wytham,446500,208500,12/08/2024,2024,8,0.034179688,17.73828125,29.1796875
Raindrop_Wytham,446500,208500,13/08/2024,2024,8,3.432617188,10.74511719,24.65039063
Raindrop_Wytham,446500,208500,14/08/2024,2024,8,0.091796875,16.23632813,19.69335938
Raindrop_Wytham,446500,208500,15/08/2024,2024,8,0.91796875,11.96386719,23.42285156
Raindrop_Wytham,446500,208500,16/08/2024,2024,8,0.014648438,10.81835938,23.13867188
Raindrop_Wytham,446500,208500,17/08/2024,2024,8,0,9.508789063,21.59570313
Raindrop_Wytham,446500,208500,18/08/2024,2024,8,0.001953125,13.0390625,21.79199219
Raindrop_Wytham,446500,208500,19/08/2024,2024,8,1.369140625,10.00976563,19.15917969
Raindrop_Wytham,446500,208500,20/08/2024,2024,8,0.043945313,14.76464844,20.24316406
Raindrop_Wytham,446500,208500,21/08/2024,2024,8,0.021484375,10.01269531,18.76757813
Raindrop_Wytham,446500,208500,22/08/2024,2024,8,3.177734375,14.56054688,21.05761719
Raindrop_Wytham,446500,208500,23/08/2024,2024,8,14.48339844,15.11621094,20.56933594
Raindrop_Wytham,446500,208500,24/08/2024,2024,8,15.54003906,13.53125,18.35351563
Raindrop_Wytham,446500,208500,25/08/2024,2024,8,0.028320313,9.01171875,18.41308594
Raindrop_Wytham,446500,208500,26/08/2024,2024,8,0,11.93945313,23.21679688
Raindrop_Wytham,446500,208500,27/08/2024,2024,8,0.02734375,11.20019531,23.73925781
Raindrop_Wytham,446500,208500,28/08/2024,2024,8,0.009765625,14.16503906,25.34960938
Raindrop_Wytham,446500,208500,29/08/2024,2024,8,0,10.08105469,20.54980469
Raindrop_Wytham,446500,208500,30/08/2024,2024,8,0,7.840820313,21.74511719
Raindrop_Wytham,446500,208500,31/08/2024,2024,8,0.717773438,10.17578125,18.94726563
Raindrop_Wytham,446500,208500,01/09/2024,2024,9,0.135742188,14.73535156,26.39550781
Raindrop_Wytham,446500,208500,02/09/2024,2024,9,1.236328125,15.16894531,21.81933594
Raindrop_Wytham,446500,208500,03/09/2024,2024,9,0.006835938,15.89941406,18.94628906
Raindrop_Wytham,446500,208500,04/09/2024,2024,9,1.39453125,9.609375,18.26464844
Raindrop_Wytham,446500,208500,05/09/2024,2024,9,12.78027344,11.11621094,18.03320313
Raindrop_Wytham,446500,208500,06/09/2024,2024,9,0.734375,14.70019531,22.78613281
Raindrop_Wytham,446500,208500,07/09/2024,2024,9,7.912109375,15.17871094,19.30175781
Raindrop_Wytham,446500,208500,08/09/2024,2024,9,1.431640625,13.30859375,21.32226563
Raindrop_Wytham,446500,208500,09/09/2024,2024,9,0.388671875,13.34179688,17.58300781
Raindrop_Wytham,446500,208500,10/09/2024,2024,9,5.323242188,10.29296875,17.21386719
Raindrop_Wytham,446500,208500,11/09/2024,2024,9,1.342773438,6.990234375,14.63867188
Raindrop_Wytham,446500,208500,12/09/2024,2024,9,5.6953125,5.120117188,14.20898438
Raindrop_Wytham,446500,208500,13/09/2024,2024,9,0.098632813,2.580078125,16.49707031
Raindrop_Wytham,446500,208500,14/09/2024,2024,9,0,5.513671875,18.45996094
Raindrop_Wytham,446500,208500,15/09/2024,2024,9,1.668945313,8.235351563,17.61230469
Raindrop_Wytham,446500,208500,16/09/2024,2024,9,0,9.383789063,19.55566406
Raindrop_Wytham,446500,208500,17/09/2024,2024,9,0,6.380859375,19.66503906
Raindrop_Wytham,446500,208500,18/09/2024,2024,9,0.092773438,12.21484375,21.38671875
Raindrop_Wytham,446500,208500,19/09/2024,2024,9,0,14.10546875,21.90136719
Raindrop_Wytham,446500,208500,20/09/2024,2024,9,0.94921875,14.42285156,21.375
Raindrop_Wytham,446500,208500,21/09/2024,2024,9,3.291992188,13.70019531,20.64746094
Raindrop_Wytham,446500,208500,22/09/2024,2024,9,74.70703125,14.49511719,18.79492188
Raindrop_Wytham,446500,208500,23/09/2024,2024,9,44.67285156,13.94335938,14.3671875
Raindrop_Wytham,446500,208500,24/09/2024,2024,9,0.491210938,12.16308594,15.6015625
Raindrop_Wytham,446500,208500,25/09/2024,2024,9,14.578125,9.196289063,15.27148438
Raindrop_Wytham,446500,208500,26/09/2024,2024,9,13.96484375,9.9375,17.20214844
Raindrop_Wytham,446500,208500,27/09/2024,2024,9,0.598632813,7.780273438,12.68359375
Raindrop_Wytham,446500,208500,28/09/2024,2024,9,0.048828125,3.419921875,14.10253906
Raindrop_Wytham,446500,208500,29/09/2024,2024,9,8.903320313,5.286132813,14.48828125
Raindrop_Wytham,446500,208500,30/09/2024,2024,9,0.76953125,9.282226563,14.80371094
Raindrop_Wytham,446500,208500,01/10/2024,2024,10,8.817382813,9.764648438,13.24609375
Raindrop_Wytham,446500,208500,02/10/2024,2024,10,0.700195313,10.48828125,14.44433594
Raindrop_Wytham,446500,208500,03/10/2024,2024,10,0.10546875,4.353515625,16.1875
Raindrop_Wytham,446500,208500,04/10/2024,2024,10,0.001953125,3.395507813,14.81054688
Raindrop_Wytham,446500,208500,05/10/2024,2024,10,0.22265625,4.073242188,16.38085938
Raindrop_Wytham,446500,208500,06/10/2024,2024,10,9.170898438,10.18945313,14.953125
Raindrop_Wytham,446500,208500,07/10/2024,2024,10,3.434570313,9.641601563,17.53125
Raindrop_Wytham,446500,208500,08/10/2024,2024,10,17.13476563,10.39550781,16.10351563
Raindrop_Wytham,446500,208500,09/10/2024,2024,10,3.072265625,11.45996094,14.99804688
Raindrop_Wytham,446500,208500,10/10/2024,2024,10,0.159179688,7.333984375,11.00976563
Raindrop_Wytham,446500,208500,11/10/2024,2024,10,0.318359375,0.081054688,12.03710938
Raindrop_Wytham,446500,208500,12/10/2024,2024,10,0.659179688,5.717773438,14.19726563
Raindrop_Wytham,446500,208500,13/10/2024,2024,10,10.15625,3.774414063,9.954101563
Raindrop_Wytham,446500,208500,14/10/2024,2024,10,2.83984375,6.534179688,11.69628906
Raindrop_Wytham,446500,208500,15/10/2024,2024,10,2.14453125,8.063476563,15.83496094
Raindrop_Wytham,446500,208500,16/10/2024,2024,10,4.241210938,11.79101563,18.18554688
Raindrop_Wytham,446500,208500,17/10/2024,2024,10,0.2109375,11.29589844,17.35742188
Raindrop_Wytham,446500,208500,18/10/2024,2024,10,11.2578125,7.846679688,15.70703125
Raindrop_Wytham,446500,208500,19/10/2024,2024,10,1.876953125,10.60644531,16.69921875
Raindrop_Wytham,446500,208500,20/10/2024,2024,10,2.892578125,9.58984375,16.66308594
Raindrop_Wytham,446500,208500,21/10/2024,2024,10,0.004882813,10.00390625,13.06640625
Raindrop_Wytham,446500,208500,22/10/2024,2024,10,0.010742188,6.958007813,16.46582031
Raindrop_Wytham,446500,208500,23/10/2024,2024,10,0.013671875,8.4296875,15.99121094
Raindrop_Wytham,446500,208500,24/10/2024,2024,10,0.002929688,8.509765625,16.86523438
Raindrop_Wytham,446500,208500,25/10/2024,2024,10,2.057617188,11.52636719,15.77734375
Raindrop_Wytham,446500,208500,26/10/2024,2024,10,0.708007813,7.161132813,13.78125
Raindrop_Wytham,446500,208500,27/10/2024,2024,10,0.071289063,6.3046875,13.77441406
Raindrop_Wytham,446500,208500,28/10/2024,2024,10,0.295898438,9.5859375,15.13378906
Raindrop_Wytham,446500,208500,29/10/2024,2024,10,0,12.03125,14.90429688
Raindrop_Wytham,446500,208500,30/10/2024,2024,10,0.052734375,10.29394531,11.53417969
Raindrop_Wytham,446500,208500,31/10/2024,2024,10,0.053710938,5.96484375,12.3984375
Raindrop_Wytham,446500,208500,01/11/2024,2024,11,9.77E-04,6.58203125,11.64746094
Raindrop_Wytham,446500,208500,02/11/2024,2024,11,0,9.438476563,13.41992188
Raindrop_Wytham,446500,208500,03/11/2024,2024,11,0,10.88183594,11.6015625
Raindrop_Wytham,446500,208500,04/11/2024,2024,11,0,9.64453125,10.43359375
Raindrop_Wytham,446500,208500,05/11/2024,2024,11,0.116210938,7.817382813,10.67285156
Raindrop_Wytham,446500,208500,06/11/2024,2024,11,0.227539063,8.322265625,11.23925781
Raindrop_Wytham,446500,208500,07/11/2024,2024,11,0.001953125,9.393554688,11.44824219
Raindrop_Wytham,446500,208500,08/11/2024,2024,11,0,7.8828125,9.09765625
Raindrop_Wytham,446500,208500,09/11/2024,2024,11,0.002929688,6.3828125,8.223632813
Raindrop_Wytham,446500,208500,10/11/2024,2024,11,0.05859375,6.076171875,12.2890625
Raindrop_Wytham,446500,208500,11/11/2024,2024,11,9.77E-04,6.853515625,11.30761719
Raindrop_Wytham,446500,208500,12/11/2024,2024,11,0,2.858398438,10.77441406
Raindrop_Wytham,446500,208500,13/11/2024,2024,11,0.337890625,5.115234375,10.93457031
Raindrop_Wytham,446500,208500,14/11/2024,2024,11,0.052734375,5.612304688,12.25195313
Raindrop_Wytham,446500,208500,15/11/2024,2024,11,0,3.924804688,8.231445313
Raindrop_Wytham,446500,208500,16/11/2024,2024,11,0.665039063,3.426757813,11.20800781
Raindrop_Wytham,446500,208500,17/11/2024,2024,11,1.848632813,5.713867188,10.92480469
Raindrop_Wytham,446500,208500,18/11/2024,2024,11,18.20410156,3.985351563,10.54199219
Raindrop_Wytham,446500,208500,19/11/2024,2024,11,4.693359375,0.009765625,1.619140625
Raindrop_Wytham,446500,208500,20/11/2024,2024,11,0.02734375,-2.004882813,4.224609375
Raindrop_Wytham,446500,208500,21/11/2024,2024,11,0.166015625,-1.630859375,3.465820313
Raindrop_Wytham,446500,208500,22/11/2024,2024,11,2.35546875,-1.12890625,8.020507813
Raindrop_Wytham,446500,208500,23/11/2024,2024,11,17.52734375,-0.110351563,16.47558594
Raindrop_Wytham,446500,208500,24/11/2024,2024,11,30.26074219,7.875,16.54101563
Raindrop_Wytham,446500,208500,25/11/2024,2024,11,0.151367188,8.125,10.26367188
Raindrop_Wytham,446500,208500,26/11/2024,2024,11,8.845703125,3.215820313,9.5390625
Raindrop_Wytham,446500,208500,27/11/2024,2024,11,0.213867188,3.73828125,4.8359375
Raindrop_Wytham,446500,208500,28/11/2024,2024,11,0.11328125,-1.837890625,5.9140625
Raindrop_Wytham,446500,208500,29/11/2024,2024,11,0,-1.575195313,11.6640625
Raindrop_Wytham,446500,208500,30/11/2024,2024,11,0.856445313,5.78515625,14.58105469
Raindrop_Wytham,446500,208500,01/12/2024,2024,12,0.958007813,11.43457031,13.7734375
Raindrop_Wytham,446500,208500,02/12/2024,2024,12,0.134765625,6.983398438,9.072265625
Raindrop_Wytham,446500,208500,03/12/2024,2024,12,0.00390625,2.114257813,6.51171875
Raindrop_Wytham,446500,208500,04/12/2024,2024,12,9.135742188,0.951171875,12.52441406
Raindrop_Wytham,446500,208500,05/12/2024,2024,12,7.94921875,4.392578125,12.6953125
Raindrop_Wytham,446500,208500,06/12/2024,2024,12,6.456054688,4.399414063,12.60546875
Raindrop_Wytham,446500,208500,07/12/2024,2024,12,3.927734375,4.659179688,6.958007813
Raindrop_Wytham,446500,208500,08/12/2024,2024,12,2.69921875,4.9609375,7.159179688
Raindrop_Wytham,446500,208500,09/12/2024,2024,12,0.465820313,5.338867188,6.881835938
Raindrop_Wytham,446500,208500,10/12/2024,2024,12,0,5.1875,6.28125
Raindrop_Wytham,446500,208500,11/12/2024,2024,12,9.77E-04,5.130859375,5.893554688
Raindrop_Wytham,446500,208500,12/12/2024,2024,12,0.7421875,4.827148438,6.422851563
Raindrop_Wytham,446500,208500,13/12/2024,2024,12,1.651367188,4.239257813,5.91796875
Raindrop_Wytham,446500,208500,14/12/2024,2024,12,9.77E-04,4.07421875,9.33984375
Raindrop_Wytham,446500,208500,15/12/2024,2024,12,0.001953125,4.943359375,11.60839844
Raindrop_Wytham,446500,208500,16/12/2024,2024,12,0.00390625,8.612304688,10.36230469
Raindrop_Wytham,446500,208500,17/12/2024,2024,12,2.416015625,4.790039063,13.26367188
Raindrop_Wytham,446500,208500,18/12/2024,2024,12,9.8046875,7.486328125,13.08105469
Raindrop_Wytham,446500,208500,19/12/2024,2024,12,0.001953125,3.174804688,5.857421875
Raindrop_Wytham,446500,208500,20/12/2024,2024,12,0.6875,1.310546875,8.223632813
Raindrop_Wytham,446500,208500,21/12/2024,2024,12,2.205078125,2.626953125,11.95214844
Raindrop_Wytham,446500,208500,22/12/2024,2024,12,0.206054688,2.529296875,5.985351563
Raindrop_Wytham,446500,208500,23/12/2024,2024,12,0.67578125,2.317382813,9.256835938
Raindrop_Wytham,446500,208500,24/12/2024,2024,12,0.165039063,3.373046875,11.00488281
Raindrop_Wytham,446500,208500,25/12/2024,2024,12,0.392578125,7.533203125,9.282226563
Raindrop_Wytham,446500,208500,26/12/2024,2024,12,0.07421875,5.598632813,6.328125
Raindrop_Wytham,446500,208500,27/12/2024,2024,12,0.498046875,3.697265625,4.918945313
Raindrop_Wytham,446500,208500,28/12/2024,2024,12,0.115234375,3.482421875,5.412109375
Raindrop_Wytham,446500,208500,29/12/2024,2024,12,0.001953125,1.885742188,8.329101563
Raindrop_Wytham,446500,208500,30/12/2024,2024,12,0,4.047851563,8.42578125
Raindrop_Wytham,446500,208500,31/12/2024,2024,12,0.158203125,6.489257813,11.67382813